,file,author
0,j06-008.png,384
1,j06-022.png,415
2,j06-014.png,384
3,j06-018.png,415
4,j06-026.png,415
5,j06-030.png,415
6,j06-034.png,415
7,j06-056.png,415
8,j06-051.png,415
9,j07-000.png,393
10,j07-005.png,416
11,j07-015.png,393
12,j07-009.png,393
13,j07-012.png,393
14,k02-018.png,418
15,k01-051.png,417
16,k02-023.png,419
17,k02-029.png,420
18,k02-062.png,423
19,k02-053.png,422
20,k02-036.png,421
21,k02-067.png,424
22,k02-076.png,425
23,k02-097.png,427
24,k02-093.png,426
25,k02-117.png,430
26,k02-102.png,428
27,k02-112.png,429
28,k03-138.png,432
29,k03-117.png,431
30,k03-152.png,434
31,k03-144.png,433
32,k03-157.png,435
33,k03-164.png,436
34,k03-180.png,420
35,k04-005.png,406
36,k04-000.png,439
37,k04-010.png,440
38,k04-014.png,441
39,k04-017.png,239
40,k04-028.png,442
41,k04-022.png,240
42,k04-039.png,439
43,k04-033.png,442
44,k04-050.png,443
45,k04-054.png,443
46,k04-057.png,444
47,k04-061.png,444
48,k04-068.png,445
49,k04-064.png,445
50,k04-079.png,446
51,k04-075.png,446
52,k04-085.png,447
53,k04-093.png,447
54,k04-099.png,448
55,k04-106.png,449
56,k04-103.png,448
57,k04-115.png,450
58,k04-110.png,450
59,k04-119.png,449
60,k04-126.png,451
61,k04-136.png,451
62,k04-142.png,452
63,k04-149.png,452
64,k04-156.png,453
65,k04-163.png,453
66,k07-059a.png,454
67,k07-077.png,454
68,k07-063a.png,454
69,k07-067a.png,454
70,k07-122.png,455
71,k07-085.png,454
72,k07-134.png,455
73,k07-125.png,455
74,k07-141.png,455
75,k07-146.png,455
76,k07-158.png,456
77,k07-152.png,456
78,k07-176.png,456
79,k07-166.png,456
80,k07-185.png,456
81,l01-000.png,457
82,l01-016.png,458
83,l01-007.png,458
84,l01-030.png,459
85,l01-023.png,458
86,l01-050.png,460
87,l01-065.png,461
88,l01-082.png,462
89,l01-111.png,465
90,l01-105.png,464
91,l01-095.png,463
92,l01-119.png,466
93,l01-129.png,467
94,l01-143.png,469
95,l01-133.png,468
96,l01-173.png,471
97,l01-179.png,472
98,l01-157.png,470
99,l01-199.png,475
100,l01-195.png,474
101,l01-187.png,473
102,l03-000.png,476
103,l03-004.png,477
104,l04-000.png,479
105,l03-008.png,478
106,l04-012.png,480
107,l04-005.png,480
108,l04-020.png,481
109,l04-026.png,481
110,l04-034.png,482
111,l04-043.png,482
112,l04-066.png,484
113,l04-052.png,483
114,l04-062.png,483
115,l04-071.png,484
116,l04-093.png,486
117,l04-082.png,485
118,l04-087.png,486
119,l04-098.png,487
120,l04-102.png,487
121,l04-113.png,488
122,l04-106.png,488
123,l04-118.png,489
124,l04-124.png,489
125,l04-130.png,490
126,l04-136.png,490
127,l04-147.png,491
128,l04-141.png,491
129,l04-153.png,492
130,l04-163.png,493
131,l04-170.png,493
132,l04-159.png,492
133,l04-179.png,494
134,l04-174.png,494
135,l07-065.png,495
136,l07-052.png,495
137,l07-074.png,495
138,l07-080.png,496
139,l07-085.png,496
140,l07-111.png,496
141,l07-103.png,496
142,l07-118.png,497
143,l07-131.png,497
144,l07-135.png,497
145,l07-172.png,498
146,l07-138.png,497
147,l07-187.png,498
148,l07-176.png,498
149,l07-181.png,498
150,m01-012.png,500
151,m01-000.png,499
152,l07-190.png,498
153,m01-022.png,502
154,m01-017.png,501
155,m01-026.png,503
156,m01-032.png,504
157,m01-038.png,505
158,m01-049.png,506
159,m01-079.png,509
160,m01-060.png,508
161,m01-084.png,510
162,m01-090.png,511
163,m01-095.png,512
164,m01-100.png,364
165,m01-104.png,513
166,m01-115.png,515
167,m01-110.png,514
168,m01-121.png,513
169,m01-125.png,516
170,m01-149.png,518
171,m01-136.png,517
172,m01-131.png,514
173,m02-048.png,520
174,m01-160.png,519
175,m02-055.png,522
176,m02-052.png,521
177,m02-069.png,525
178,m02-059.png,523
179,m02-066.png,524
180,m02-072.png,526
181,m02-075.png,527
182,m02-080.png,528
183,m02-087.png,530
184,m02-083.png,529
185,m02-090.png,531
186,m02-095.png,532
187,m02-102.png,533
188,m02-106.png,527
189,m02-112.png,535
190,m03-006.png,536
191,m02-109.png,534
192,m03-013.png,537
193,m03-020.png,538
194,m03-095.png,541
195,m03-033.png,539
196,m03-062.png,540
197,m03-110.png,542
198,m03-114.png,542
199,m03-118.png,543
200,m04-000.png,544
201,m04-007.png,544
202,m04-012.png,544
203,m04-024.png,544
204,m04-019.png,544
205,m04-030.png,545
206,m04-038.png,545
207,m04-061.png,545
208,m04-043.png,545
209,m04-078.png,546
210,m04-072.png,546
211,m04-081.png,546
212,m04-093.png,546
213,m04-100.png,546
214,m04-113.png,547
215,m04-107.png,547
216,m04-123.png,547
217,m04-138.png,547
218,m04-145.png,548
219,m04-131.png,547
220,m04-152.png,548
221,m04-180.png,548
222,m04-164.png,548
223,m04-190.png,549
224,m04-209.png,549
225,m04-200.png,549
226,m04-222.png,549
227,m04-216.png,549
228,m04-231.png,550
229,m04-238.png,550
230,m04-246.png,550
231,m04-251.png,548
232,m06-019.png,551
233,m06-031.png,552
234,m06-042.png,552
235,m06-048.png,552
236,m06-067.png,552
237,m06-076.png,552
238,m06-056.png,552
239,m06-098.png,552
240,m06-083.png,552
241,m06-091.png,552
242,n01-000.png,553
243,m06-106.png,552
244,n01-004.png,554
245,n01-009.png,553
246,n01-020.png,555
247,n01-031.png,555
248,n01-045.png,555
249,n01-036.png,556
250,n01-057.png,558
251,n02-000.png,559
252,n01-052.png,557
253,n02-009.png,560
254,n02-004.png,560
255,n02-016.png,559
256,n02-028.png,561
257,n02-037.png,562
258,n02-033.png,562
259,n02-049.png,561
260,n02-040.png,563
261,n02-045.png,563
262,n02-054.png,564
263,n02-062.png,565
264,n02-098.png,567
265,n02-082a.png,566
266,n02-104.png,315
267,n02-109.png,315
268,n02-114.png,315
269,n02-127.png,315
270,n02-120.png,315
271,n02-154.png,569
272,n02-146.png,81
273,n02-151.png,568
274,n03-038.png,571
275,n02-157.png,570
276,n03-079.png,574
277,n03-066.png,573
278,n03-064.png,572
279,n03-082.png,575
280,n03-091.png,576
281,n03-097.png,577
282,n03-103.png,577
283,n03-113.png,579
284,n03-106.png,578
285,n03-126.png,581
286,n03-120.png,580
287,n04-000.png,550
288,n04-015.png,582
289,n04-009.png,550
290,n04-022.png,582
291,n04-031.png,582
292,n04-039.png,582
293,n04-048.png,583
294,n04-044.png,582
295,n04-060.png,583
296,n04-052.png,583
297,n04-068.png,583
298,n04-075.png,583
299,n04-084.png,584
300,n04-092.png,584
301,n04-100.png,584
302,n04-107.png,584
303,n04-114.png,584
304,n04-130.png,585
305,n04-139.png,585
306,n04-149.png,585
307,n04-156.png,585
308,n04-163.png,585
309,n04-171.png,586
310,n04-190.png,586
311,n04-183.png,586
312,n04-202.png,587
313,n04-195.png,586
314,n04-213.png,587
315,n04-209.png,587
316,n06-074.png,588
317,n06-082.png,588
318,n04-218.png,587
319,n06-092.png,588
320,n06-100.png,588
321,n06-111.png,588
322,n06-119.png,588
323,n06-128.png,588
324,n06-123.png,588
325,n06-140.png,588
326,n06-133.png,588
327,n06-156.png,551
328,n06-148.png,551
329,n06-163.png,551
330,n06-169.png,551
331,n06-182.png,551
332,n06-175.png,551
333,n06-194.png,551
334,n06-186.png,551
335,p01-147.png,589
336,n06-201.png,551
337,p01-155.png,590
338,p01-168.png,591
339,p01-174.png,592
340,p02-008.png,594
341,p02-000.png,593
342,p02-022.png,596
343,p02-017.png,595
344,p02-027.png,597
345,p02-069.png,598
346,p02-076.png,599
347,p02-081.png,599
348,p02-090.png,598
349,p02-105.png,601
350,p02-101.png,600
351,p02-109.png,602
352,p02-127.png,605
353,p02-115.png,603
354,p02-121.png,604
355,p02-139.png,608
356,p02-135.png,607
357,p02-131.png,606
358,p02-150.png,610
359,p02-144.png,609
360,p03-004.png,612
361,p02-155.png,611
362,p03-009.png,613
363,p03-023.png,615
364,p03-012.png,614
365,p03-029.png,617
366,p03-027.png,616
367,p03-033.png,618
368,p03-040.png,619
369,p03-047.png,620
370,p03-069.png,621
371,p03-057.png,567
372,p03-080.png,623
373,p03-072.png,622
374,p03-087.png,567
375,p03-103.png,567
376,p03-112.png,567
377,p03-096.png,567
378,p03-121.png,624
379,p03-135.png,625
380,p03-142.png,626
381,p03-151.png,627
382,p03-158.png,628
383,p03-173.png,630
384,p03-163.png,629
385,p03-189.png,633
386,p03-181.png,631
387,p03-185.png,632
388,p06-042.png,634
389,p06-030.png,634
390,p06-047.png,634
391,p06-052.png,634
392,p06-058.png,634
393,p06-088.png,634
394,p06-096.png,634
395,p06-069.png,634
396,p06-104.png,634
397,p06-242.png,635
398,p06-248.png,635
399,r02-003.png,637
400,r02-006.png,638
401,r02-000.png,636
402,r02-013.png,640
403,r02-010.png,639
404,r02-060.png,643
405,r02-038.png,641
406,r02-054.png,642
407,r02-065.png,644
408,r02-070.png,645
409,r02-078.png,647
410,r02-081.png,648
411,r02-089.png,649
412,r02-109.png,650
413,r02-117.png,651
414,r02-131.png,653
415,r02-137.png,654
416,r02-127.png,652
417,r02-146.png,655
418,r03-002.png,658
419,r03-026.png,659
420,r03-007.png,658
421,r03-030.png,660
422,r03-035.png,661
423,r03-050.png,662
424,r03-056.png,663
425,r03-053.png,315
426,r03-065.png,664
427,r03-084.png,665
428,r03-096.png,667
429,r03-090.png,666
430,r06-003.png,635
431,r06-000.png,635
432,r03-110.png,668
433,r03-115.png,669
434,r06-011.png,635
435,r06-007.png,635
436,r06-018.png,635
437,r06-022.png,635
438,r06-027.png,635
439,r06-035.png,670
440,r06-041.png,670
441,r06-049.png,670
442,r06-044.png,670
443,r06-053.png,670
444,r06-062.png,670
445,r06-057.png,670
446,r06-076.png,670
447,r06-070.png,670
448,r06-066.png,670
449,r06-090.png,671
450,r06-106.png,671
451,r06-103.png,671
452,r06-097.png,671
453,r06-111.png,671
454,r06-115.png,671
455,r06-130.png,671
456,r06-121.png,671
457,r06-126.png,671
458,r06-137.png,671
459,r06-143.png,635
460,e07-112.png,249
461,e07-108.png,248
462,f01-058.png,250
463,f01-053.png,250
464,f01-066.png,251
465,f01-070.png,252
466,f01-081.png,254
467,f01-075.png,253
468,f01-085.png,254
469,f01-135.png,255
470,f01-139.png,217
471,f01-143.png,256
472,f01-147.png,256
473,f02-003.png,258
474,f02-017.png,259
475,f02-000.png,257
476,f02-020.png,260
477,f02-030.png,261
478,f02-036.png,262
479,f02-033.png,259
480,f02-040.png,264
481,f02-038.png,263
482,f02-076.png,266
483,f02-044.png,265
484,f03-169.png,267
485,f03-182.png,269
486,f03-174.png,268
487,f03-191.png,270
488,f04-004.png,272
489,f04-011.png,272
490,f04-007.png,273
491,f04-016.png,272
492,f04-024.png,275
493,f04-020.png,274
494,f04-028.png,275
495,f04-032.png,276
496,f04-035.png,276
497,f04-039.png,277
498,f04-046.png,278
499,f04-043.png,277
500,f04-049.png,278
501,f04-053.png,279
502,f04-057.png,279
503,f04-061.png,280
504,f04-068.png,281
505,f04-064.png,280
506,f04-074.png,282
507,f04-071.png,281
508,f04-079.png,282
509,f04-083.png,283
510,f04-093.png,193
511,f04-087.png,283
512,f04-096.png,193
513,f04-100.png,193
514,f07-000b.png,286
515,f07-000.png,285
516,f07-006.png,286
517,f07-002.png,286
518,f07-009.png,286
519,f07-013.png,287
520,f07-016.png,287
521,f07-019a.png,288
522,f07-019b.png,287
523,f07-021a.png,288
524,f07-021b.png,287
525,f07-024a.png,288
526,f07-028a.png,288
527,f07-024b.png,287
528,f07-028b.png,289
529,f07-032a.png,288
530,f07-036.png,289
531,f07-032b.png,289
532,f07-042a.png,285
533,f07-039b.png,289
534,f07-039a.png,285
535,f07-046a.png,285
536,f07-042b.png,289
537,f07-046b.png,290
538,f07-073.png,291
539,f07-069.png,291
540,f07-076a.png,292
541,f07-081a.png,292
542,f07-096.png,293
543,f07-081b.png,291
544,f07-084a.png,292
545,f07-084b.png,291
546,f07-092a.png,292
547,f07-088b.png,293
548,f07-088a.png,292
549,f07-092b.png,293
550,f07-101b.png,293
551,f07-101a.png,294
552,g01-000.png,217
553,g01-004.png,295
554,g01-012.png,296
555,g01-008.png,295
556,g01-016.png,296
557,g01-019.png,296
558,g01-025.png,297
559,g01-022.png,297
560,g01-031.png,298
561,g01-027.png,297
562,g01-037.png,298
563,g01-034.png,298
564,g01-039.png,299
565,g01-045.png,299
566,g01-043.png,299
567,g01-067.png,300
568,g01-070.png,300
569,g01-083.png,301
570,g01-074.png,300
571,g02-059.png,303
572,g01-088.png,302
573,g02-065.png,305
574,g02-062.png,304
575,g03-000.png,308
576,g02-073.png,307
577,g03-032.png,312
578,g03-004.png,309
579,g03-016.png,310
580,g03-040.png,313
581,g03-049.png,315
582,g03-043.png,314
583,g03-052.png,316
584,g03-058.png,317
585,g04-003.png,239
586,g03-064.png,318
587,g04-007.png,273
588,g04-011.png,273
589,g04-014.png,273
590,g04-022.png,319
591,g04-017.png,274
592,g04-032.png,274
593,g04-026.png,274
594,g04-039.png,320
595,g04-036.png,320
596,g04-052.png,322
597,g04-048.png,321
598,g04-043.png,321
599,g04-055.png,323
600,g04-060.png,324
601,g04-063.png,324
602,g04-068.png,325
603,g04-077.png,326
604,g04-072.png,325
605,g04-088.png,328
606,g04-081.png,327
607,g04-095.png,273
608,g04-092.png,328
609,g04-098.png,329
610,g04-101.png,329
611,g04-108.png,330
612,g05-087.png,331
613,g04-104.png,330
614,g05-094.png,119
615,g05-098.png,118
616,g06-011a.png,332
617,g06-011c.png,334
618,g06-011b.png,333
619,g06-011e.png,336
620,g06-011g.png,338
621,g06-011f.png,337
622,g06-011h.png,339
623,g06-011i.png,340
624,g06-011j.png,341
625,g06-011l.png,343
626,g06-011k.png,342
627,g06-011m.png,344
628,g06-011n.png,345
629,g06-011o.png,346
630,g06-011p.png,347
631,g06-011r.png,348
632,g06-018a.png,332
633,g06-018d.png,335
634,g06-018b.png,333
635,g06-018c.png,334
636,g06-018g.png,338
637,g06-018e.png,336
638,g06-018f.png,337
639,g06-018h.png,339
640,g06-018i.png,340
641,g06-018j.png,341
642,g06-018k.png,342
643,g06-018l.png,343
644,g06-018n.png,345
645,g06-018m.png,344
646,g06-018p.png,347
647,g06-018r.png,348
648,g06-018o.png,346
649,g06-026a.png,332
650,g06-026b.png,333
651,g06-026e.png,336
652,g06-026d.png,335
653,g06-026c.png,334
654,g06-026g.png,338
655,g06-026f.png,337
656,g06-026i.png,340
657,g06-026h.png,339
658,g06-026k.png,342
659,g06-026j.png,341
660,g06-026l.png,343
661,g06-026o.png,346
662,g06-026m.png,344
663,g06-026n.png,345
664,g06-026p.png,347
665,g06-026r.png,348
666,g06-031c.png,334
667,g06-031b.png,333
668,g06-031a.png,332
669,g06-031e.png,336
670,g06-031d.png,335
671,g06-031f.png,337
672,g06-031g.png,338
673,g06-031h.png,339
674,g06-031j.png,341
675,g06-031i.png,340
676,g06-031l.png,343
677,g06-031k.png,342
678,g06-031n.png,345
679,g06-031m.png,344
680,g06-031o.png,346
681,g06-031p.png,347
682,g06-037b.png,333
683,g06-031r.png,348
684,g06-037c.png,334
685,g06-037d.png,335
686,g06-037g.png,338
687,g06-037e.png,336
688,g06-037f.png,337
689,g06-037h.png,339
690,g06-037i.png,340
691,g06-037k.png,342
692,g06-037j.png,341
693,g06-037l.png,343
694,g06-037m.png,344
695,g06-037n.png,345
696,g06-037o.png,346
697,g06-037p.png,347
698,g06-037r.png,348
699,g06-042c.png,334
700,g06-042a.png,332
701,g06-042b.png,333
702,g06-042g.png,338
703,g06-042d.png,335
704,g06-042f.png,337
705,g06-042e.png,336
706,g06-042i.png,340
707,g06-042h.png,339
708,g06-042j.png,341
709,g06-042m.png,344
710,g06-042k.png,342
711,g06-042l.png,343
712,g06-042n.png,345
713,g06-042o.png,346
714,g06-042p.png,347
715,g06-042r.png,348
716,g06-045a.png,332
717,g06-045e.png,336
718,g06-045c.png,334
719,g06-045d.png,335
720,g06-045b.png,333
721,g06-045f.png,337
722,g06-045g.png,338
723,g06-045h.png,339
724,g06-045j.png,341
725,g06-045k.png,342
726,g06-045i.png,340
727,g06-045l.png,343
728,g06-045m.png,344
729,g06-045n.png,345
730,g06-045p.png,347
731,g06-045o.png,346
732,g06-045r.png,348
733,g06-047a.png,332
734,g06-047c.png,334
735,g06-047d.png,335
736,g06-047b.png,333
737,g06-047f.png,337
738,g06-047g.png,338
739,g06-047e.png,336
740,g06-047i.png,340
741,g06-047h.png,339
742,g06-047j.png,341
743,g06-047l.png,343
744,g06-047k.png,342
745,g06-047o.png,346
746,g06-047m.png,344
747,g06-047n.png,345
748,g06-047p.png,347
749,g06-047r.png,348
750,g06-050b.png,333
751,g06-050a.png,332
752,g06-050d.png,335
753,g06-050e.png,336
754,g06-050c.png,334
755,g06-050g.png,338
756,g06-050h.png,339
757,g06-050f.png,337
758,g06-050j.png,341
759,g06-050i.png,340
760,g06-050k.png,342
761,g06-050l.png,343
762,g06-050o.png,346
763,g06-050m.png,344
764,g06-050n.png,345
765,g06-050p.png,347
766,g06-050r.png,348
767,g06-093.png,349
768,g06-089.png,349
769,g06-096.png,349
770,g06-101.png,349
771,g06-105.png,349
772,g06-115.png,349
773,g06-109.png,349
774,g07-000b.png,293
775,g07-000a.png,294
776,g07-003a.png,294
777,g07-003b.png,350
778,g07-007a.png,294
779,g07-007b.png,350
780,g07-014.png,351
781,g07-010b.png,350
782,g07-014b.png,350
783,g07-018a.png,351
784,g07-022a.png,351
785,g07-022b.png,352
786,g07-026a.png,351
787,g07-026b.png,352
788,g07-028b.png,352
789,g07-030.png,352
790,g07-028a.png,351
791,g07-038.png,353
792,g07-034.png,352
793,g07-044.png,353
794,g07-042.png,353
795,g07-050.png,353
796,g07-047.png,353
797,g07-065.png,354
798,g07-069a.png,354
799,g07-071a.png,354
800,g07-074a.png,354
801,g07-079a.png,285
802,g07-084.png,355
803,g07-077a.png,354
804,h01-007.png,356
805,h01-000.png,356
806,h01-004.png,301
807,h01-010.png,357
808,h01-014.png,357
809,h01-024.png,359
810,h01-018.png,357
811,h01-030.png,361
812,h01-027.png,360
813,h02-004.png,362
814,h02-008.png,363
815,h02-012.png,364
816,h02-017.png,365
817,h02-022.png,367
818,h02-019.png,366
819,h02-024.png,368
820,h02-028.png,369
821,h02-037.png,371
822,h02-035.png,370
823,h02-043.png,373
824,h02-049.png,375
825,h02-040.png,372
826,h04-000.png,239
827,h04-007.png,330
828,h04-025.png,274
829,h04-021.png,330
830,h04-028.png,376
831,h04-035.png,377
832,h04-052.png,379
833,h04-049.png,378
834,h04-057.png,380
835,h04-055.png,379
836,h04-061.png,380
837,h04-071.png,382
838,h04-078.png,383
839,h04-074.png,382
840,h05-012.png,118
841,h04-082.png,383
842,h06-003.png,349
843,h06-000.png,349
844,h06-082.png,384
845,h06-079.png,384
846,h06-089.png,384
847,h06-085.png,384
848,h06-096.png,384
849,h06-092.png,384
850,h07-000.png,355
851,h07-007.png,355
852,h07-011.png,355
853,h07-003.png,355
854,h07-013.png,385
855,h07-017.png,385
856,h07-020.png,385
857,h07-023.png,385
858,h07-025.png,386
859,h07-025a.png,385
860,h07-028.png,386
861,h07-028a.png,387
862,h07-030.png,386
863,h07-030a.png,387
864,h07-033.png,386
865,h07-033a.png,387
866,h07-037a.png,387
867,h07-037.png,386
868,h07-040.png,388
869,h07-040b.png,387
870,h07-044a.png,388
871,h07-051b.png,388
872,h07-057a.png,389
873,h07-054a.png,389
874,h07-060b.png,390
875,h07-060a.png,389
876,h07-063b.png,390
877,h07-066a.png,389
878,h07-063a.png,389
879,h07-069.png,391
880,h07-066b.png,390
881,h07-071.png,391
882,h07-069a.png,390
883,h07-071a.png,390
884,h07-075a.png,392
885,h07-075.png,391
886,h07-078.png,391
887,h07-078a.png,392
888,h07-080.png,391
889,h07-080a.png,392
890,h07-084.png,392
891,h07-087.png,393
892,j01-042.png,394
893,j01-045.png,394
894,j01-049.png,395
895,j01-059.png,396
896,j01-063.png,397
897,j04-008.png,400
898,j01-066.png,398
899,j01-070.png,399
900,j04-015.png,402
901,j04-012.png,401
902,j04-024.png,403
903,j04-019.png,403
904,j04-035.png,405
905,j04-039.png,404
906,j04-053.png,407
907,j04-046.png,405
908,j04-061.png,408
909,j04-065.png,408
910,j04-076.png,409
911,j04-080.png,410
912,j04-070.png,409
913,j04-094.png,411
914,j04-098.png,412
915,j04-111.png,414
916,j04-103.png,413
917,j04-115.png,414
918,j06-000.png,384
919,j06-005.png,384
920,a05-062.png,0
921,a05-073.png,0
922,a05-080.png,0
923,a05-084.png,0
924,a05-089.png,0
925,a05-094.png,0
926,a05-108.png,0
927,a05-104.png,0
928,a05-099.png,0
929,a05-116.png,0
930,a05-113.png,0
931,a05-121.png,0
932,a06-004.png,66
933,a05-125.png,0
934,a06-000.png,66
935,a06-008.png,67
936,a06-025.png,70
937,a06-020.png,69
938,a06-014.png,68
939,a06-039.png,72
940,a06-036.png,71
941,a06-044.png,73
942,a06-051.png,74
943,a06-057.png,75
944,a06-070.png,77
945,a06-064.png,76
946,a06-090.png,79
947,a06-095.png,80
948,a06-075.png,78
949,a06-110.png,82
950,a06-100.png,81
951,a06-124.png,85
952,a06-119.png,84
953,a06-114.png,83
954,a06-128.png,84
955,a06-134.png,85
956,a06-141.png,85
957,a06-152.png,86
958,a06-147.png,85
959,b01-004.png,87
960,a06-157.png,85
961,b01-000.png,87
962,b01-009.png,87
963,b01-014.png,88
964,b01-018.png,88
965,b01-033.png,89
966,b01-027.png,89
967,b01-023.png,88
968,b01-038.png,89
969,b01-044.png,90
970,b01-049.png,90
971,b01-053.png,90
972,b01-057.png,17
973,b01-062.png,17
974,b01-073.png,91
975,b01-084.png,92
976,b01-079.png,91
977,b01-094.png,92
978,b01-113.png,93
979,b01-089.png,92
980,b01-122.png,93
981,b01-118.png,93
982,b01-127.png,94
983,b01-136.png,94
984,b01-132.png,94
985,b02-013.png,95
986,b02-035.png,95
987,b02-045.png,96
988,b02-097.png,97
989,b02-105.png,99
990,b02-102.png,98
991,b03-087.png,102
992,b03-025.png,100
993,b03-092.png,102
994,b03-098.png,103
995,b03-104.png,104
996,b03-109.png,105
997,b03-114.png,106
998,b04-004.png,107
999,b04-000.png,107
1000,b04-020.png,107
1001,b04-010.png,107
1002,b04-026.png,108
1003,b04-047.png,108
1004,b04-040.png,108
1005,b04-034.png,108
1006,b04-060.png,109
1007,b04-054.png,109
1008,b04-075.png,109
1009,b04-081.png,110
1010,b04-066.png,109
1011,b04-096.png,110
1012,b04-089.png,110
1013,b04-103.png,110
1014,b04-107.png,111
1015,b04-116.png,111
1016,b04-121.png,111
1017,b04-128.png,111
1018,b04-134.png,112
1019,b04-140.png,112
1020,b04-154.png,112
1021,b04-147.png,112
1022,b04-162.png,113
1023,b04-175.png,113
1024,b04-169.png,113
1025,b04-181.png,113
1026,b04-187.png,114
1027,b04-195.png,114
1028,b05-017.png,115
1029,b04-202.png,114
1030,b04-208.png,114
1031,b05-032.png,116
1032,b05-038.png,117
1033,b05-050.png,117
1034,b05-045.png,117
1035,b05-042.png,117
1036,b05-062.png,118
1037,b05-058.png,118
1038,b05-055.png,118
1039,b05-071.png,118
1040,b05-067.png,118
1041,b05-079.png,120
1042,b05-074.png,119
1043,b05-083.png,121
1044,b05-098.png,121
1045,b05-088.png,122
1046,b06-008.png,125
1047,b06-000.png,123
1048,b06-004.png,124
1049,b06-015.png,127
1050,b06-012.png,126
1051,b06-027.png,129
1052,b06-019.png,128
1053,b06-023.png,123
1054,b06-032.png,130
1055,b06-036.png,126
1056,b06-045.png,132
1057,b06-042.png,131
1058,b06-049.png,124
1059,b06-056.png,125
1060,b06-053.png,127
1061,b06-059.png,130
1062,b06-064.png,133
1063,b06-068.png,131
1064,b06-071.png,128
1065,b06-075.png,124
1066,b06-079.png,130
1067,b06-087.png,134
1068,b06-082.png,132
1069,b06-097.png,123
1070,b06-093.png,125
1071,b06-090.png,134
1072,b06-100.png,133
1073,b06-110.png,126
1074,c01-009.png,135
1075,c01-066.png,136
1076,c01-014.png,135
1077,c02-000.png,137
1078,c02-003.png,138
1079,c02-007.png,139
1080,c02-012.png,140
1081,c02-017.png,139
1082,c02-022.png,140
1083,c02-026.png,141
1084,c02-030.png,142
1085,c02-049.png,144
1086,c02-035.png,143
1087,c02-059.png,146
1088,c02-056.png,145
1089,c02-078.png,147
1090,c02-082.png,148
1091,c02-089.png,149
1092,c03-000b.png,151
1093,c03-000c.png,152
1094,c03-000a.png,150
1095,c03-000e.png,154
1096,c03-000f.png,155
1097,c03-000d.png,153
1098,c03-003a.png,150
1099,c03-007.png,156
1100,c03-003b.png,151
1101,c03-003c.png,152
1102,c03-003d.png,153
1103,c03-003f.png,155
1104,c03-003e.png,154
1105,c03-007d.png,153
1106,c03-007c.png,152
1107,c03-007b.png,151
1108,c03-007a.png,150
1109,c03-007e.png,154
1110,c03-007f.png,155
1111,c03-016a.png,150
1112,c03-016b.png,151
1113,c03-016e.png,154
1114,c03-016d.png,153
1115,c03-016c.png,152
1116,c03-021b.png,151
1117,c03-021a.png,150
1118,c03-021e.png,154
1119,c03-021c.png,152
1120,c03-021d.png,153
1121,c03-021f.png,155
1122,c03-081a.png,150
1123,c03-081c.png,152
1124,c03-081b.png,151
1125,c03-081f.png,155
1126,c03-081d.png,153
1127,c03-081e.png,154
1128,c03-084b.png,151
1129,c03-084a.png,150
1130,c03-084c.png,152
1131,c03-084d.png,153
1132,c03-084e.png,154
1133,c03-087b.png,151
1134,c03-087a.png,150
1135,c03-084f.png,155
1136,c03-087c.png,152
1137,c03-087d.png,153
1138,c03-087f.png,155
1139,c03-087e.png,154
1140,c03-094c.png,152
1141,c03-094a.png,150
1142,c03-094d.png,153
1143,c03-094b.png,151
1144,c03-094e.png,154
1145,c03-094f.png,155
1146,c03-096a.png,150
1147,c03-096b.png,151
1148,c03-096c.png,152
1149,c03-096e.png,154
1150,c03-096d.png,153
1151,c03-096f.png,155
1152,c04-000.png,157
1153,c04-004.png,157
1154,c04-013.png,158
1155,c04-017.png,159
1156,c04-008.png,158
1157,c04-028.png,160
1158,c04-023.png,160
1159,c04-035.png,159
1160,c04-039.png,161
1161,c04-050.png,162
1162,c04-044.png,161
1163,c04-056.png,162
1164,c04-061.png,163
1165,c04-066.png,163
1166,c04-080.png,165
1167,c04-075.png,164
1168,c04-089.png,166
1169,c04-098.png,166
1170,c04-105.png,167
1171,c04-110.png,168
1172,c04-116.png,168
1173,c04-122.png,164
1174,c04-128.png,165
1175,c04-134.png,169
1176,c04-144.png,170
1177,c04-139.png,169
1178,c04-160.png,171
1179,c04-150.png,170
1180,c04-156.png,171
1181,c04-170.png,172
1182,c04-165.png,172
1183,c06-000.png,130
1184,c06-011.png,173
1185,c06-005.png,125
1186,c06-014.png,129
1187,c06-020.png,125
1188,c06-027.png,128
1189,c06-031.png,130
1190,c06-039.png,123
1191,c06-043.png,133
1192,c06-052.png,126
1193,c06-047.png,132
1194,c06-080.png,133
1195,c06-058.png,131
1196,c06-076.png,128
1197,c06-087.png,126
1198,c06-083.png,174
1199,c06-091.png,132
1200,c06-100.png,123
1201,c06-095.png,131
1202,c06-103.png,129
1203,c06-111.png,124
1204,c06-106.png,127
1205,c06-116.png,133
1206,c06-128.png,128
1207,d01-019.png,175
1208,d01-016.png,175
1209,c06-138.png,129
1210,d01-049.png,177
1211,d01-024.png,176
1212,d01-052.png,177
1213,d01-056.png,178
1214,d01-080.png,179
1215,d01-085.png,179
1216,d01-060.png,178
1217,d01-098.png,180
1218,d01-104.png,180
1219,d01-123.png,181
1220,d03-112.png,182
1221,d01-118.png,181
1222,d03-117.png,183
1223,d04-005.png,184
1224,d04-008.png,184
1225,d04-012.png,185
1226,d04-028.png,186
1227,d04-021.png,186
1228,d04-016.png,185
1229,d04-037.png,187
1230,d04-032.png,187
1231,d04-050.png,189
1232,d04-047.png,188
1233,d04-053.png,188
1234,d04-058.png,190
1235,d04-066.png,191
1236,d04-062.png,190
1237,d04-075.png,192
1238,d04-071.png,192
1239,d04-081.png,193
1240,d04-086.png,194
1241,d04-101.png,195
1242,d04-089.png,194
1243,d04-096.png,195
1244,d04-117.png,197
1245,d04-111.png,196
1246,d04-121.png,197
1247,d04-125.png,198
1248,d04-131.png,198
1249,d05-008.png,199
1250,d05-013.png,200
1251,d05-025.png,199
1252,d05-021.png,199
1253,d05-040.png,201
1254,d05-030.png,199
1255,d06-000.png,202
1256,d06-008.png,173
1257,d06-003.png,203
1258,d06-011.png,204
1259,d06-015.png,174
1260,d06-020.png,173
1261,d06-027.png,206
1262,d06-030.png,174
1263,d06-025.png,205
1264,d06-041.png,208
1265,d06-037.png,207
1266,d06-056.png,206
1267,d06-046.png,173
1268,d06-050.png,174
1269,d06-060.png,208
1270,d06-063.png,173
1271,d06-067.png,205
1272,d06-072.png,207
1273,d06-086.png,208
1274,d06-076.png,203
1275,d06-082.png,174
1276,d06-091.png,202
1277,d06-096.png,206
1278,d06-104.png,205
1279,d06-100.png,207
1280,d06-113.png,208
1281,d06-111.png,203
1282,d06-107.png,204
1283,d07-089.png,209
1284,d07-082.png,209
1285,d07-085.png,209
1286,d07-100.png,209
1287,d07-093.png,209
1288,d07-096.png,209
1289,d07-102.png,209
1290,e01-014.png,210
1291,e01-022.png,211
1292,e01-029.png,212
1293,e01-025.png,211
1294,e01-018.png,210
1295,e01-032.png,212
1296,e01-035.png,212
1297,e01-050.png,213
1298,e01-055.png,181
1299,e01-081.png,214
1300,e01-059.png,213
1301,e01-062.png,213
1302,e01-086.png,214
1303,e01-092.png,215
1304,e01-102.png,215
1305,e01-107.png,216
1306,e01-113.png,216
1307,e02-000.png,218
1308,e02-014.png,219
1309,e01-119.png,217
1310,e02-018.png,220
1311,e02-021.png,221
1312,e02-025.png,222
1313,e02-082.png,224
1314,e02-074.png,223
1315,e02-091.png,226
1316,e02-086.png,225
1317,e02-094.png,227
1318,e02-100.png,228
1319,e02-117.png,229
1320,e04-000.png,158
1321,e04-004.png,230
1322,e04-011.png,231
1323,e04-008.png,230
1324,e04-019.png,232
1325,e04-022.png,232
1326,e04-015.png,231
1327,e04-026.png,233
1328,e04-030.png,233
1329,e04-038.png,234
1330,e04-034.png,234
1331,e04-052.png,235
1332,e04-043.png,235
1333,e04-058.png,236
1334,e04-062.png,237
1335,e04-079.png,238
1336,e04-083.png,239
1337,e04-068.png,237
1338,e04-086.png,240
1339,e04-091.png,241
1340,e04-095.png,241
1341,e04-109.png,242
1342,e04-099.png,241
1343,e04-103.png,242
1344,e04-114.png,242
1345,e04-119.png,243
1346,e04-127.png,243
1347,e04-124.png,243
1348,e04-132.png,241
1349,e06-000.png,206
1350,e06-003.png,204
1351,e06-006.png,202
1352,e06-021.png,206
1353,e06-015.png,204
1354,e06-010.png,203
1355,e06-026.png,205
1356,e06-030.png,204
1357,e06-033.png,207
1358,e06-037.png,202
1359,e06-046.png,203
1360,e06-041.png,202
1361,e06-053.png,208
1362,e06-049.png,205
1363,e07-000.png,85
1364,e06-070.png,207
1365,e07-003.png,244
1366,e07-007.png,245
1367,e07-012.png,246
1368,e07-061.png,246
1369,e07-066.png,246
1370,e07-072.png,246
1371,e07-076.png,247
1372,e07-079.png,247
1373,e07-083.png,247
1374,e07-086.png,247
1375,e07-090.png,247
1376,e07-094.png,248
1377,e07-105.png,248
1378,e07-098.png,248
1379,e07-101.png,248
1380,a01-000x.png,1
1381,a01-000u.png,0
1382,a01-003.png,2
1383,a01-003u.png,0
1384,a01-003x.png,3
1385,a01-007u.png,0
1386,a01-007.png,4
1387,a01-007x.png,3
1388,a01-011.png,5
1389,a01-011u.png,0
1390,a01-011x.png,6
1391,a01-014.png,7
1392,a01-014u.png,0
1393,a01-020.png,9
1394,a01-014x.png,8
1395,a01-020u.png,0
1396,a01-020x.png,10
1397,a01-026.png,9
1398,a01-026u.png,0
1399,a01-026x.png,8
1400,a01-030.png,5
1401,a01-030u.png,0
1402,a01-038.png,7
1403,a01-030x.png,10
1404,a01-038x.png,11
1405,a01-043u.png,0
1406,a01-043.png,12
1407,a01-049.png,12
1408,a01-043x.png,11
1409,a01-049u.png,0
1410,a01-049x.png,0
1411,a01-053u.png,0
1412,a01-053.png,13
1413,a01-053x.png,14
1414,a01-058u.png,0
1415,a01-058.png,13
1416,a01-058x.png,14
1417,a01-063.png,13
1418,a01-063u.png,0
1419,a01-063x.png,15
1420,a01-068u.png,0
1421,a01-072u.png,0
1422,a01-072x.png,1
1423,a01-077.png,16
1424,a01-082u.png,0
1425,a01-077u.png,0
1426,a01-087.png,17
1427,a01-091.png,16
1428,a01-087u.png,0
1429,a01-091u.png,0
1430,a01-096u.png,0
1431,a01-102u.png,0
1432,a01-102.png,16
1433,a01-107.png,18
1434,a01-107u.png,0
1435,a01-113u.png,0
1436,a01-113.png,18
1437,a01-122.png,19
1438,a01-117.png,19
1439,a01-117u.png,0
1440,a01-122u.png,0
1441,a01-128.png,19
1442,a01-132.png,20
1443,a01-128u.png,0
1444,a01-132u.png,0
1445,a01-132x.png,0
1446,a02-004.png,22
1447,a02-000.png,21
1448,a02-008.png,23
1449,a02-012.png,24
1450,a02-024.png,25
1451,a02-020.png,25
1452,a02-017.png,25
1453,a02-027.png,25
1454,a02-037.png,26
1455,a02-032.png,25
1456,a02-046.png,27
1457,a02-042.png,26
1458,a02-050.png,28
1459,a02-057.png,30
1460,a02-053.png,29
1461,a02-067.png,32
1462,a02-062.png,31
1463,a02-078.png,34
1464,a02-072.png,33
1465,a02-086.png,36
1466,a02-090.png,26
1467,a02-082.png,35
1468,a02-098.png,26
1469,a02-093.png,26
1470,a02-102.png,37
1471,a02-106.png,37
1472,a02-111.png,37
1473,a02-116.png,38
1474,a02-124.png,37
1475,a02-120.png,39
1476,a03-009.png,41
1477,a03-006.png,40
1478,a03-017.png,44
1479,a03-011.png,42
1480,a03-014.png,43
1481,a03-020.png,45
1482,a03-023.png,46
1483,a03-027.png,47
1484,a03-030.png,48
1485,a03-040.png,51
1486,a03-037.png,50
1487,a03-034.png,49
1488,a03-043.png,52
1489,a03-047.png,37
1490,a03-050.png,0
1491,a03-054.png,53
1492,a03-059.png,54
1493,a03-063.png,55
1494,a03-071.png,0
1495,a03-066.png,56
1496,a03-073.png,0
1497,a03-080.png,0
1498,a03-089.png,0
1499,a04-000.png,58
1500,a04-003.png,58
1501,a04-010.png,58
1502,a04-006.png,58
1503,a04-015.png,59
1504,a04-019.png,59
1505,a04-023.png,59
1506,a04-027.png,59
1507,a04-031.png,60
1508,a04-035.png,60
1509,a04-039.png,60
1510,a04-043.png,60
1511,a04-047.png,61
1512,a04-059.png,61
1513,a04-054.png,61
1514,a04-050.png,61
1515,a04-072.png,62
1516,a04-066.png,62
1517,a04-069.png,62
1518,a04-081.png,63
1519,a04-085.png,63
1520,a04-092.png,64
1521,a04-089.png,63
1522,a04-096.png,64
1523,a04-103.png,64
1524,a04-099.png,64
1525,a05-000.png,0
1526,a05-004.png,65
1527,a05-009.png,65
1528,a05-017.png,0
1529,a05-013.png,0
1530,a05-025.png,0
1531,a05-022.png,0
1532,a05-029.png,0
1533,a05-039.png,0
1534,a05-044.png,0
1535,a05-048.png,0
1536,a05-053.png,0
1537,a05-058.png,0
1538,a05-069.png,0
